payment_id,order_id,payment_method,payment_status,payment_date,amount
1,1,Debit Card,paid,2025-07-24 10:20:37,637.63
2,2,Credit Card,pending,2025-05-08 18:43:40,891.75
3,3,Google Pay,paid,2025-06-11 16:09:15,792.06
4,4,PayPal,paid,2025-08-13 22:24:06,898.57
5,5,PayPal,pending,2025-09-07 11:45:46,1090.39
6,6,Debit Card,paid,2025-09-12 03:42:45,669.14
7,7,Bank Transfer,paid,2025-06-30 03:33:32,507.27
8,8,Google Pay,pending,2025-03-15 12:56:54,540.12
9,9,PayPal,paid,2025-01-14 09:00:12,773.98
10,10,Google Pay,paid,2025-07-29 23:21:33,2082.25
11,11,Google Pay,paid,2025-04-03 08:22:20,600.68
12,12,Debit Card,paid,2025-08-19 02:56:14,679.11
13,13,Credit Card,paid,2025-11-02 12:34:46,937.19
14,14,Google Pay,paid,2025-04-28 03:29:59,641.94
15,15,PayPal,paid,2025-02-22 10:04:06,310.73
16,16,Bank Transfer,paid,2025-11-19 10:55:36,2223.17
17,17,PayPal,paid,2025-07-06 12:23:40,479.73
18,18,Apple Pay,paid,2025-10-21 07:05:19,845.86
19,19,PayPal,paid,2025-04-21 06:38:10,630.72
20,20,Apple Pay,pending,2025-10-24 03:15:47,732.46
21,21,Credit Card,pending,2025-08-04 05:35:15,207.65
22,22,Bank Transfer,paid,2025-11-20 23:47:12,1055.85
23,23,Debit Card,paid,2025-06-29 07:33:15,793.1
24,24,Debit Card,paid,2025-01-20 04:33:12,209.9
25,25,Bank Transfer,paid,2025-07-16 18:01:20,1023.06
26,26,PayPal,paid,2025-01-07 20:23:56,182.85
27,27,Google Pay,failed,2025-02-11 21:51:55,1018.64
28,28,Bank Transfer,paid,2025-08-08 18:14:07,532.98
29,29,Google Pay,paid,2025-05-28 15:06:48,999.76
30,30,PayPal,paid,2025-12-24 07:22:10,1356.99
31,31,Debit Card,paid,2025-01-14 02:48:00,970.93
32,32,Debit Card,paid,2025-04-27 13:51:46,1184.83
33,33,Bank Transfer,paid,2025-10-09 14:06:37,457.17
34,34,PayPal,paid,2025-10-27 00:07:07,604.25
35,35,Apple Pay,failed,2025-08-04 02:52:06,897.31
36,36,Credit Card,paid,2025-04-15 10:01:49,724.44
37,37,Debit Card,paid,2025-10-24 00:43:49,260.2
38,38,Apple Pay,paid,2025-08-04 13:51:10,1071.34
39,39,Bank Transfer,failed,2025-12-18 21:14:45,946.06
40,40,PayPal,paid,2025-03-07 06:51:09,308.61
41,41,Google Pay,paid,2025-07-12 21:20:49,1327.24
42,42,Apple Pay,paid,2025-05-11 08:06:03,1885.58
43,43,Debit Card,pending,2025-06-04 23:58:42,898.77
44,44,Debit Card,pending,2025-02-14 13:56:41,817.35
45,45,Apple Pay,failed,2025-06-29 14:53:51,1558.48
46,46,Google Pay,paid,2025-09-14 03:25:01,1755.56
47,47,Apple Pay,paid,2025-06-12 19:11:42,1384.79
48,48,Credit Card,paid,2025-09-09 14:35:32,817.77
49,49,PayPal,paid,2025-07-18 15:55:51,405.82
50,50,Credit Card,paid,2025-09-22 06:03:58,629.99
51,51,Bank Transfer,paid,2025-02-15 10:08:40,461.3
52,52,Bank Transfer,paid,2025-06-20 12:28:09,249.98
53,53,Credit Card,paid,2025-02-12 19:44:02,274.59
54,54,Apple Pay,paid,2025-08-06 18:36:13,1770.95
55,55,Credit Card,paid,2025-06-24 22:22:34,666.27
56,56,PayPal,paid,2025-02-09 20:43:52,649.1
57,57,Credit Card,failed,2025-07-25 07:08:37,858.46
58,58,Apple Pay,paid,2025-11-13 09:04:24,1177.73
59,59,PayPal,paid,2025-05-26 07:49:53,247.95
60,60,Bank Transfer,paid,2025-09-05 03:47:16,156.79
61,61,Credit Card,paid,2025-03-15 00:06:06,1035.55
62,62,Bank Transfer,paid,2025-09-11 23:30:04,251.19
63,63,Debit Card,paid,2025-01-14 00:52:25,1486.16
64,64,Credit Card,paid,2025-08-11 18:23:54,958.01
65,65,Bank Transfer,paid,2025-06-15 11:00:44,738.56
66,66,Google Pay,paid,2025-10-29 13:46:39,596.47
67,67,Google Pay,paid,2025-11-13 07:03:52,1165.96
68,68,Google Pay,paid,2025-08-11 18:25:57,1082.84
69,69,Apple Pay,paid,2025-12-03 16:55:22,1203.33
70,70,Credit Card,paid,2025-08-13 14:07:45,410.81
71,71,Google Pay,paid,2025-10-19 12:43:53,1881.77
72,72,PayPal,paid,2025-09-04 21:19:33,927.86
73,73,Google Pay,paid,2025-08-13 19:07:55,1031.01
74,74,Apple Pay,paid,2025-06-21 17:30:59,1697.63
75,75,Bank Transfer,paid,2025-02-02 08:36:54,666.84
76,76,Apple Pay,paid,2025-02-05 18:09:16,1115.53
77,77,Debit Card,paid,2025-01-04 22:37:38,785.71
78,78,Debit Card,paid,2025-10-12 03:21:30,1306.04
79,79,Apple Pay,paid,2025-01-27 21:52:32,657.96
80,80,PayPal,paid,2025-08-28 14:42:40,529.78
81,81,Google Pay,paid,2025-05-30 11:28:12,417.9
82,82,Apple Pay,paid,2025-08-22 18:01:02,1402.15
83,83,PayPal,paid,2025-06-02 11:46:02,248.44
84,84,Credit Card,paid,2025-09-06 03:32:30,1091.24
85,85,Google Pay,paid,2025-09-23 13:42:52,307.54
86,86,Apple Pay,paid,2025-03-26 03:14:11,851.31
87,87,Debit Card,paid,2025-09-07 02:23:24,232.41
88,88,Debit Card,paid,2025-08-17 02:11:25,475.48
89,89,Apple Pay,paid,2025-01-23 20:06:21,1552.62
90,90,PayPal,paid,2025-01-06 06:03:45,292.39
91,91,Google Pay,pending,2025-10-31 16:38:11,316.61
92,92,Bank Transfer,pending,2025-04-13 11:18:06,406.32
93,93,Credit Card,paid,2025-03-03 10:37:07,512.93
94,94,Bank Transfer,paid,2025-07-03 13:17:52,372.8
95,95,PayPal,paid,2025-03-29 12:56:03,485.1
96,96,Apple Pay,paid,2025-03-11 23:46:37,705.78
97,97,Bank Transfer,paid,2025-06-27 17:33:58,1476.85
98,98,Bank Transfer,paid,2025-10-28 09:20:39,941.95
99,99,Google Pay,paid,2025-07-30 16:02:01,1763.73
100,100,Debit Card,paid,2025-02-10 17:20:30,646.1
101,101,Apple Pay,paid,2025-12-25 03:06:59,1236.3
102,102,Apple Pay,paid,2025-09-05 19:46:50,1132.81
103,103,PayPal,paid,2025-09-30 11:17:09,438.3
104,104,Debit Card,paid,2025-03-02 16:41:52,473.73
105,105,Debit Card,paid,2025-06-30 07:10:11,635.07
106,106,Debit Card,paid,2025-10-04 12:58:02,1456.09
107,107,Apple Pay,paid,2025-04-08 09:08:43,279.7
108,108,PayPal,paid,2025-11-17 05:40:33,771.71
109,109,Bank Transfer,paid,2025-01-26 09:09:22,128.13
110,110,PayPal,pending,2025-03-07 14:14:22,649.9
111,111,Credit Card,paid,2025-12-20 02:27:32,381.61
112,112,Apple Pay,paid,2025-04-25 22:50:46,412.17
113,113,Apple Pay,pending,2025-09-07 22:27:20,1006.52
114,114,PayPal,paid,2025-07-15 11:01:40,1576.15
115,115,Credit Card,failed,2025-08-16 03:37:16,1698.09
116,116,Bank Transfer,paid,2025-12-30 12:54:07,1238.1
117,117,Google Pay,paid,2025-08-09 18:56:39,608.37
118,118,PayPal,paid,2025-04-01 16:26:24,661.77
119,119,Google Pay,paid,2025-01-24 11:30:06,263.43
120,120,Google Pay,paid,2025-09-15 11:59:16,1075.76
121,121,PayPal,paid,2025-09-10 11:02:55,1243.88
122,122,Bank Transfer,paid,2025-04-25 17:06:59,1347.47
123,123,Credit Card,paid,2025-09-06 18:17:24,1247.11
124,124,Debit Card,pending,2025-09-06 13:13:07,703.97
125,125,Apple Pay,paid,2025-11-02 23:59:29,1202.01
126,126,Bank Transfer,paid,2025-11-19 05:07:27,785.98
127,127,Credit Card,paid,2025-02-11 00:19:29,1112.5
128,128,Bank Transfer,pending,2025-06-17 20:23:29,164.67
129,129,PayPal,paid,2025-06-09 07:04:53,524.97
130,130,Credit Card,paid,2025-08-11 09:20:51,450.22
131,131,Debit Card,paid,2025-08-22 10:32:51,1139.76
132,132,Google Pay,paid,2025-04-14 06:24:12,1007.95
133,133,Bank Transfer,paid,2025-04-13 15:29:24,1168.25
134,134,Google Pay,paid,2025-01-25 00:46:34,1055.06
135,135,Apple Pay,paid,2025-01-14 20:07:34,837.53
136,136,PayPal,paid,2025-02-19 08:23:19,911.26
137,137,Bank Transfer,paid,2025-12-21 01:23:47,1330.7
138,138,PayPal,paid,2025-08-17 12:42:21,505.74
139,139,Google Pay,pending,2025-08-07 21:02:33,1056.2
140,140,PayPal,paid,2025-07-04 01:32:50,2148.89
141,141,PayPal,paid,2025-10-17 23:00:31,1521.87
142,142,Credit Card,paid,2025-12-04 18:58:06,1702.81
143,143,PayPal,paid,2025-06-21 21:11:49,657.08
144,144,Apple Pay,paid,2025-02-23 00:47:52,352.92
145,145,Google Pay,paid,2025-06-27 14:32:35,843.27
146,146,Credit Card,paid,2025-04-05 07:02:35,560.63
147,147,Google Pay,paid,2025-11-20 00:37:17,341.97
148,148,Google Pay,paid,2025-03-29 18:32:46,949.59
149,149,Debit Card,paid,2025-12-21 08:26:22,697.2
150,150,Credit Card,paid,2025-09-07 23:01:26,721.29
151,151,Debit Card,paid,2025-06-04 13:52:47,996.48
152,152,Bank Transfer,paid,2025-02-12 08:04:26,1496.28
153,153,Debit Card,paid,2025-02-28 13:28:32,1606.18
154,154,Apple Pay,paid,2025-04-26 03:34:05,1015.85
155,155,Google Pay,paid,2025-10-10 12:05:08,413.91
156,156,Debit Card,paid,2025-03-12 16:21:30,1401.24
157,157,Debit Card,paid,2025-03-29 01:53:01,635.24
158,158,Credit Card,paid,2025-01-22 04:41:19,444.13
159,159,Google Pay,paid,2025-05-29 13:38:53,751.92
160,160,Bank Transfer,failed,2025-12-14 02:11:10,1660.71
161,161,Credit Card,paid,2025-01-23 20:51:33,548.58
162,162,Bank Transfer,paid,2025-10-31 03:56:10,523.32
163,163,Debit Card,paid,2025-10-12 02:42:10,1960.25
164,164,PayPal,paid,2025-12-07 22:15:38,1031.14
165,165,Bank Transfer,paid,2025-08-20 22:50:13,350.58
166,166,Debit Card,failed,2025-12-19 13:06:00,1424.73
167,167,Debit Card,paid,2025-10-04 12:21:35,1094.19
168,168,Debit Card,paid,2025-02-12 08:08:25,431.4
169,169,PayPal,paid,2025-03-01 19:38:52,786.99
170,170,Bank Transfer,paid,2025-02-23 14:34:24,675.55
171,171,Debit Card,paid,2025-04-13 11:30:51,1083.37
172,172,Debit Card,paid,2025-12-29 17:21:57,437.08
173,173,PayPal,paid,2025-02-05 07:45:52,1079.26
174,174,Apple Pay,pending,2025-02-09 02:47:11,1273.49
175,175,Debit Card,paid,2025-12-13 02:19:22,431.08
176,176,Bank Transfer,pending,2025-12-08 12:20:07,1000.3
177,177,Apple Pay,paid,2025-11-27 16:53:01,983.02
178,178,Credit Card,paid,2025-11-25 06:10:39,1872.59
179,179,PayPal,paid,2025-12-09 02:06:50,423.52
180,180,Apple Pay,paid,2025-05-03 09:16:35,1418.71
181,181,Debit Card,paid,2025-09-30 10:15:50,1027.93
182,182,Bank Transfer,failed,2025-12-13 18:51:09,98.72
183,183,Bank Transfer,paid,2025-10-20 04:10:06,744.55
184,184,Credit Card,paid,2025-06-06 22:52:50,1247.72
185,185,Google Pay,paid,2025-02-10 04:44:18,989.81
186,186,Credit Card,paid,2025-08-07 17:30:10,1285.52
187,187,Apple Pay,paid,2025-07-04 02:25:31,387.24
188,188,Google Pay,paid,2025-05-19 06:30:06,745.77
189,189,Google Pay,paid,2025-10-08 13:48:05,394.63
190,190,Bank Transfer,paid,2025-05-12 14:12:08,1258.82
191,191,Credit Card,paid,2025-07-14 01:26:11,806.1
192,192,Google Pay,paid,2025-10-12 01:02:13,1128.88
193,193,PayPal,failed,2025-05-14 11:53:32,1527.84
194,194,Bank Transfer,paid,2025-12-01 14:34:32,350.08
195,195,Debit Card,paid,2025-09-25 00:09:52,1263.06
196,196,Google Pay,paid,2025-05-18 03:07:39,2051.01
197,197,Google Pay,paid,2025-01-11 03:39:12,528.89
198,198,Debit Card,paid,2025-09-26 13:05:37,1151.99
199,199,Apple Pay,paid,2025-10-16 16:17:17,1110.36
200,200,PayPal,paid,2025-08-03 18:39:27,1240.2
201,201,Apple Pay,paid,2025-08-17 20:13:55,719.49
202,202,PayPal,pending,2025-03-14 23:07:52,610.72
203,203,Google Pay,paid,2025-03-04 20:11:56,1904.77
204,204,PayPal,paid,2025-07-10 20:19:58,1594.3
205,205,PayPal,paid,2025-07-31 05:54:26,394.54
206,206,Apple Pay,pending,2025-03-27 04:31:27,1185.91
207,207,Bank Transfer,failed,2025-08-27 16:18:31,757.2
208,208,PayPal,failed,2025-01-10 22:45:26,1543.14
209,209,PayPal,paid,2025-02-07 14:42:43,642.57
210,210,PayPal,paid,2025-10-28 18:35:33,880.61
211,211,Apple Pay,failed,2025-11-14 13:11:08,349.61
212,212,Debit Card,paid,2025-11-05 18:48:06,1032.83
213,213,Bank Transfer,paid,2025-01-07 21:42:06,1377.38
214,214,Debit Card,paid,2025-12-27 18:19:55,1250.23
215,215,Bank Transfer,paid,2025-03-03 01:23:25,2555.74
216,216,Credit Card,paid,2025-08-04 07:20:09,807.4
217,217,Credit Card,paid,2025-12-18 05:47:45,1501.52
218,218,Credit Card,paid,2025-09-18 22:14:02,1175.17
219,219,Debit Card,paid,2025-03-19 00:26:55,409.56
220,220,Apple Pay,paid,2025-08-29 22:32:20,739.17
221,221,Credit Card,paid,2025-08-09 12:01:08,633.08
222,222,Apple Pay,paid,2025-09-07 05:04:53,1081.02
223,223,Apple Pay,paid,2025-03-10 14:29:47,818.42
224,224,Google Pay,pending,2025-01-31 00:56:51,1212.69
225,225,Apple Pay,paid,2025-07-31 09:34:04,536.17
226,226,Bank Transfer,paid,2025-11-30 05:48:56,630.98
227,227,Credit Card,paid,2025-03-06 17:58:26,1467.77
228,228,Credit Card,paid,2025-10-24 01:33:13,390.18
229,229,Debit Card,failed,2025-07-02 18:07:51,1243.16
230,230,Debit Card,paid,2025-07-31 18:06:37,969.85
231,231,PayPal,pending,2025-11-14 17:30:55,808.81
232,232,Bank Transfer,paid,2025-04-20 09:39:03,975.23
233,233,Debit Card,paid,2025-07-06 07:11:33,1046.09
234,234,Credit Card,paid,2025-02-22 16:00:08,344.26
235,235,Apple Pay,pending,2025-08-22 02:55:01,1082.76
236,236,Debit Card,paid,2025-03-27 13:02:08,959.39
237,237,Apple Pay,paid,2025-10-09 14:16:36,337.45
238,238,Credit Card,paid,2025-01-07 18:51:29,1057.16
239,239,Credit Card,paid,2025-01-16 12:00:49,568.11
240,240,Bank Transfer,paid,2025-11-18 17:25:43,668.33
241,241,Apple Pay,pending,2025-03-31 11:10:00,1460.5
242,242,Google Pay,paid,2025-02-22 08:22:51,737.12
243,243,Credit Card,paid,2025-03-15 18:15:12,1224.31
244,244,PayPal,paid,2025-05-22 00:40:57,946.26
245,245,Credit Card,paid,2025-06-04 16:47:28,755.1
246,246,Bank Transfer,paid,2025-08-13 16:27:56,690.35
247,247,Apple Pay,paid,2025-06-05 21:50:53,362.02
248,248,PayPal,paid,2025-12-26 21:59:26,1149.64
249,249,Bank Transfer,paid,2025-09-13 04:00:47,441.89
250,250,PayPal,paid,2025-11-27 15:53:53,629.8
251,251,Bank Transfer,paid,2025-08-28 06:19:10,358.26
252,252,Apple Pay,paid,2025-09-18 09:53:09,966.69
253,253,Debit Card,pending,2025-05-16 07:10:09,853.29
254,254,Credit Card,paid,2025-03-10 07:52:32,689.69
255,255,Bank Transfer,paid,2025-09-27 22:30:13,652.28
256,256,PayPal,paid,2025-12-15 12:38:27,504.89
257,257,Bank Transfer,paid,2025-03-31 15:09:15,1063.15
258,258,Google Pay,paid,2025-11-16 05:18:14,515.35
259,259,Credit Card,failed,2025-12-28 14:49:26,605.89
260,260,PayPal,paid,2025-10-30 20:19:58,1619.11
261,261,Debit Card,paid,2025-05-03 20:18:55,1211.86
262,262,Apple Pay,paid,2025-10-19 16:08:07,705.42
263,263,Credit Card,paid,2025-03-10 05:43:26,1610.18
264,264,Debit Card,paid,2025-05-07 17:23:06,1132.12
265,265,Apple Pay,paid,2025-07-14 01:17:24,1058.38
266,266,Apple Pay,paid,2025-09-24 18:15:40,306.89
267,267,Credit Card,pending,2025-11-08 01:03:22,620.69
268,268,Apple Pay,paid,2025-07-27 17:28:42,682.3
269,269,Bank Transfer,paid,2025-07-05 10:00:09,344.43
270,270,PayPal,paid,2025-05-17 16:46:01,2258.61
271,271,PayPal,paid,2025-07-09 16:03:15,1269.8
272,272,Debit Card,paid,2025-08-27 03:24:38,608.18
273,273,Apple Pay,paid,2025-04-24 11:54:16,1575.52
274,274,PayPal,paid,2025-03-07 07:50:04,625.43
275,275,Credit Card,failed,2025-01-26 03:00:17,1055.95
276,276,Apple Pay,paid,2025-02-03 02:16:16,918.05
277,277,PayPal,paid,2025-02-21 07:55:28,1139.4
278,278,Apple Pay,pending,2025-02-22 19:42:43,2071.94
279,279,Apple Pay,paid,2025-07-27 15:16:43,409.1
280,280,Credit Card,paid,2025-03-02 19:40:33,620.2
281,281,Apple Pay,failed,2025-09-25 10:50:50,825.03
282,282,Debit Card,paid,2025-11-06 18:45:37,1684.67
283,283,Bank Transfer,paid,2025-03-28 00:27:13,2386.09
284,284,Apple Pay,paid,2025-03-15 08:34:34,1737.19
285,285,Bank Transfer,paid,2025-01-08 21:07:41,770.93
286,286,Google Pay,paid,2025-10-10 17:10:44,652.88
287,287,PayPal,paid,2025-06-30 10:06:08,524.07
288,288,Apple Pay,paid,2025-07-02 22:08:08,732.26
289,289,Apple Pay,paid,2025-06-22 08:51:42,835.22
290,290,Debit Card,paid,2025-12-30 22:14:30,570.4
291,291,Bank Transfer,paid,2025-12-02 18:21:22,881.9
292,292,PayPal,paid,2025-11-03 19:48:11,908.99
293,293,Debit Card,paid,2025-02-05 20:12:27,1334.72
294,294,Apple Pay,paid,2025-04-01 16:51:05,1490.17
295,295,Google Pay,paid,2025-10-09 15:55:22,859.7
296,296,Google Pay,paid,2025-03-14 19:32:13,799.86
297,297,Credit Card,paid,2025-05-23 22:01:18,1794.78
298,298,Google Pay,pending,2025-09-13 23:56:07,1424.34
299,299,Apple Pay,paid,2025-05-06 09:32:54,372.95
300,300,Apple Pay,paid,2025-03-16 18:21:47,732.56
301,301,Google Pay,pending,2025-08-24 16:20:49,1062.97
302,302,PayPal,paid,2025-11-16 14:02:32,690.77
303,303,PayPal,paid,2025-07-22 02:16:13,897.31
304,304,Google Pay,pending,2025-09-01 04:28:06,1246.7
305,305,Bank Transfer,paid,2025-06-16 04:59:38,954.18
306,306,Apple Pay,paid,2025-12-29 21:08:12,1224.71
307,307,Debit Card,paid,2025-08-25 15:16:25,1250.62
308,308,Apple Pay,paid,2025-04-21 19:35:57,1040.33
309,309,Apple Pay,pending,2025-11-16 13:31:07,959.51
310,310,Bank Transfer,paid,2025-04-14 06:02:07,1340.21
311,311,PayPal,paid,2025-10-09 08:34:33,1029.02
312,312,Bank Transfer,paid,2025-05-29 12:31:03,780.1
313,313,Bank Transfer,paid,2025-12-27 23:55:29,948.54
314,314,Google Pay,paid,2025-07-15 11:09:20,881.3
315,315,PayPal,paid,2025-06-18 02:06:56,282.34
316,316,Debit Card,paid,2025-06-05 08:50:57,1782.8
317,317,Debit Card,paid,2025-08-11 05:14:16,569.25
318,318,Bank Transfer,failed,2025-09-24 06:17:13,1134.81
319,319,Google Pay,paid,2025-01-10 17:38:26,563.82
320,320,Credit Card,paid,2025-05-26 12:28:44,1489.51
321,321,Credit Card,paid,2025-04-29 19:55:22,584.15
322,322,Debit Card,paid,2025-02-25 05:48:12,545.23
323,323,Apple Pay,paid,2025-04-16 16:46:35,499.23
324,324,Bank Transfer,paid,2025-05-31 10:52:27,493.65
325,325,Bank Transfer,paid,2025-03-14 17:56:09,1233.36
326,326,Google Pay,paid,2025-03-03 07:47:42,647.34
327,327,PayPal,failed,2025-12-13 03:28:56,1586.93
328,328,Google Pay,paid,2025-10-11 19:15:53,1529.44
329,329,Bank Transfer,paid,2025-05-09 05:31:22,2128.12
330,330,PayPal,failed,2025-06-17 08:32:23,895.33
331,331,Debit Card,paid,2025-11-23 08:56:00,1513.45
332,332,Credit Card,paid,2025-03-01 08:47:32,1051.97
333,333,Credit Card,paid,2025-09-25 07:12:34,573.39
334,334,Debit Card,paid,2025-05-26 14:01:15,715.33
335,335,Debit Card,pending,2025-01-07 04:12:34,653.51
336,336,Debit Card,pending,2025-05-07 12:35:48,1170.62
337,337,Debit Card,paid,2025-06-03 09:59:03,738.03
338,338,Bank Transfer,paid,2025-07-21 19:07:32,550.64
339,339,Debit Card,pending,2025-06-04 22:03:02,476.96
340,340,Apple Pay,failed,2025-07-21 02:35:22,81.89
341,341,Apple Pay,failed,2025-08-16 16:47:05,713.49
342,342,Credit Card,paid,2025-12-15 05:30:49,1393.06
343,343,Debit Card,paid,2025-09-04 14:22:59,294.19
344,344,Bank Transfer,paid,2025-12-05 17:24:17,329.03
345,345,Apple Pay,paid,2025-05-01 12:56:10,285.21
346,346,Apple Pay,paid,2025-10-25 14:19:21,1687.38
347,347,Debit Card,paid,2025-06-09 15:00:16,622.78
348,348,PayPal,paid,2025-09-12 01:17:54,652.21
349,349,Apple Pay,paid,2025-09-19 08:22:14,994.42
350,350,PayPal,paid,2025-04-27 13:38:36,461.78
351,351,Credit Card,paid,2025-12-01 02:36:45,1191.65
352,352,Apple Pay,pending,2025-07-08 04:17:56,1414.8
353,353,Apple Pay,paid,2025-12-27 09:38:54,1305.61
354,354,Google Pay,paid,2025-01-10 15:54:23,265.81
355,355,Bank Transfer,paid,2025-05-17 03:16:28,666.7
356,356,PayPal,paid,2025-04-27 22:52:58,882.91
357,357,Apple Pay,paid,2025-05-09 16:53:17,1432.27
358,358,Google Pay,pending,2025-12-13 18:59:10,1136.26
359,359,Google Pay,paid,2025-05-03 21:11:58,1028.57
360,360,Bank Transfer,paid,2025-09-01 15:59:15,650.89
361,361,Apple Pay,paid,2025-10-04 00:19:18,255.24
362,362,Bank Transfer,paid,2025-04-28 17:50:38,383.48
363,363,Google Pay,paid,2025-12-18 18:48:57,1736.88
364,364,Google Pay,paid,2025-03-22 00:39:56,1566.89
365,365,Google Pay,paid,2025-12-12 15:51:47,816.81
366,366,PayPal,paid,2025-03-20 05:47:46,588.4
367,367,Apple Pay,failed,2025-01-07 06:16:10,1097.04
368,368,Apple Pay,paid,2025-03-08 20:43:54,826.87
369,369,Bank Transfer,paid,2025-05-30 07:36:28,1339.93
370,370,Apple Pay,paid,2025-11-14 19:29:41,887.07
371,371,Credit Card,paid,2025-02-06 10:08:29,1339.14
372,372,PayPal,paid,2025-03-29 06:18:55,1264.29
373,373,Debit Card,paid,2025-07-09 16:09:31,822.61
374,374,PayPal,paid,2025-07-17 14:41:02,1216.22
375,375,Debit Card,paid,2025-08-18 16:28:38,1112.35
376,376,Google Pay,pending,2025-11-01 22:50:09,1537.84
377,377,Bank Transfer,paid,2025-02-14 17:44:58,902.71
378,378,Google Pay,paid,2025-11-13 12:07:06,993.62
379,379,Bank Transfer,paid,2025-02-27 07:56:45,770.12
380,380,Debit Card,failed,2025-04-29 15:05:46,1543.49
381,381,PayPal,paid,2025-11-28 10:19:27,999.12
382,382,Bank Transfer,paid,2025-12-01 19:37:42,1060.43
383,383,Apple Pay,paid,2025-03-24 09:07:35,935.47
384,384,Bank Transfer,paid,2025-01-05 20:29:43,1148.66
385,385,Bank Transfer,paid,2025-12-01 09:24:17,1857.05
386,386,Apple Pay,paid,2025-05-30 18:14:03,1775.49
387,387,Debit Card,paid,2025-05-23 20:44:30,743.04
388,388,Debit Card,paid,2025-10-12 08:18:47,587.42
389,389,Bank Transfer,paid,2025-07-03 19:58:04,1621.17
390,390,Credit Card,paid,2025-01-05 12:52:30,1169.44
391,391,Apple Pay,paid,2025-10-19 09:13:59,1299.25
392,392,Debit Card,paid,2025-01-11 22:33:11,743.41
393,393,Debit Card,paid,2025-10-16 06:57:14,437.85
394,394,Credit Card,paid,2025-11-01 06:07:12,568.33
395,395,Apple Pay,paid,2025-11-22 15:23:49,645.94
396,396,PayPal,paid,2025-03-24 05:27:38,340.39
397,397,Debit Card,paid,2025-04-28 09:14:42,671.25
398,398,Credit Card,paid,2025-04-13 07:51:37,1439.05
399,399,PayPal,paid,2025-12-23 18:10:49,1591.43
400,400,PayPal,paid,2025-10-28 14:29:23,597.2
401,401,Bank Transfer,paid,2025-05-02 23:59:11,638.98
402,402,Debit Card,paid,2025-06-23 12:55:57,290.33
403,403,Credit Card,pending,2025-09-13 08:26:25,173.28
404,404,Credit Card,paid,2025-05-27 08:22:11,233.29
405,405,Apple Pay,paid,2025-07-01 16:24:29,1062.58
406,406,Google Pay,paid,2025-10-31 13:04:35,781.17
407,407,Credit Card,paid,2025-08-26 08:43:33,912.52
408,408,Debit Card,paid,2025-02-10 10:58:20,1333.68
409,409,PayPal,paid,2025-09-16 10:45:31,858.98
410,410,Credit Card,paid,2025-06-07 05:09:22,1877.52
411,411,Google Pay,paid,2025-05-10 20:02:00,1221.44
412,412,Debit Card,paid,2025-03-10 22:40:06,876.3
413,413,Google Pay,pending,2025-02-03 07:18:32,939.18
414,414,Bank Transfer,paid,2025-07-10 08:02:40,737.2
415,415,Credit Card,pending,2025-11-03 07:07:41,2026.76
416,416,Apple Pay,paid,2025-12-26 12:20:29,293.22
417,417,Apple Pay,paid,2025-09-10 07:34:39,727.07
418,418,Credit Card,paid,2025-02-14 16:17:54,706.28
419,419,Google Pay,paid,2025-05-07 06:25:19,713.62
420,420,Credit Card,paid,2025-02-17 05:52:46,163.01
421,421,Credit Card,pending,2025-02-09 04:03:04,213.59
422,422,Debit Card,pending,2025-03-12 00:35:56,1243.94
423,423,Credit Card,paid,2025-02-25 22:08:31,852.5
424,424,Debit Card,paid,2025-10-06 21:16:36,844.62
425,425,Debit Card,failed,2025-07-26 06:12:46,1130.93
426,426,PayPal,paid,2025-03-17 13:58:30,718.21
427,427,Apple Pay,paid,2025-05-22 18:56:31,918.48
428,428,Google Pay,paid,2025-11-02 09:34:58,428.63
429,429,Bank Transfer,paid,2025-06-13 02:26:50,354.5
430,430,Debit Card,paid,2025-06-10 14:01:06,704.99
431,431,PayPal,paid,2025-06-27 01:00:20,364.17
432,432,Debit Card,paid,2025-02-19 17:45:58,411.56
433,433,Debit Card,paid,2025-05-14 18:36:37,273.49
434,434,Credit Card,failed,2025-12-02 04:24:39,781.37
435,435,Apple Pay,paid,2025-06-18 23:40:29,440.71
436,436,Google Pay,paid,2025-07-03 02:54:01,540.62
437,437,PayPal,paid,2025-08-06 05:40:32,584.0
438,438,Bank Transfer,paid,2025-02-05 14:04:37,1279.46
439,439,PayPal,paid,2025-02-24 04:25:06,640.31
440,440,Debit Card,pending,2025-05-30 19:25:05,1092.2
441,441,Google Pay,paid,2025-11-03 06:03:12,405.01
442,442,Debit Card,paid,2025-05-30 01:28:57,754.87
443,443,Apple Pay,paid,2025-10-03 20:00:04,2086.12
444,444,Apple Pay,paid,2025-03-29 21:42:38,796.16
445,445,Apple Pay,paid,2025-07-15 02:19:13,1977.31
446,446,Bank Transfer,pending,2025-12-13 17:20:25,245.1
447,447,Credit Card,paid,2025-02-13 20:23:41,1505.38
448,448,Debit Card,paid,2025-06-13 12:18:42,955.06
449,449,Credit Card,paid,2025-06-10 05:37:42,922.19
450,450,Google Pay,paid,2025-04-29 10:18:10,465.56
451,451,Credit Card,paid,2025-04-21 18:48:57,2255.42
452,452,PayPal,paid,2025-04-03 17:39:18,1229.85
453,453,Debit Card,paid,2025-09-16 19:38:22,1142.35
454,454,Credit Card,paid,2025-12-27 16:02:40,1503.29
455,455,Credit Card,paid,2025-11-07 20:57:24,1562.37
456,456,Bank Transfer,paid,2025-01-10 23:11:42,1118.76
457,457,Google Pay,paid,2025-08-15 22:00:30,817.49
458,458,Apple Pay,failed,2025-09-19 03:35:19,735.1
459,459,Bank Transfer,pending,2025-02-27 19:15:21,508.62
460,460,PayPal,paid,2025-12-06 21:28:58,1137.42
461,461,Bank Transfer,paid,2025-11-21 19:42:54,707.99
462,462,PayPal,paid,2025-06-09 08:27:59,257.37
463,463,PayPal,paid,2025-04-23 18:28:32,993.74
464,464,Google Pay,paid,2025-04-13 08:39:38,812.08
465,465,Bank Transfer,pending,2025-07-11 08:55:52,1385.75
466,466,Apple Pay,paid,2025-08-08 23:53:14,525.84
467,467,Debit Card,paid,2025-01-24 01:50:23,836.69
468,468,Google Pay,paid,2025-01-20 06:23:20,1728.74
469,469,Google Pay,paid,2025-12-06 04:06:33,1326.43
470,470,Bank Transfer,paid,2025-05-17 21:37:23,743.63
471,471,Bank Transfer,paid,2025-03-02 08:46:22,1643.28
472,472,PayPal,pending,2025-06-29 04:08:25,669.42
473,473,Google Pay,paid,2025-02-24 07:53:15,590.5
474,474,Bank Transfer,paid,2025-02-20 08:06:21,484.4
475,475,Debit Card,pending,2025-10-24 16:10:46,954.92
476,476,Google Pay,paid,2025-01-24 08:33:31,517.22
477,477,Credit Card,pending,2025-08-17 13:08:26,1372.44
478,478,Google Pay,paid,2025-05-18 02:56:20,133.51
479,479,Google Pay,paid,2025-10-24 18:08:00,519.06
480,480,Bank Transfer,paid,2025-12-24 19:34:08,1531.82
481,481,Credit Card,paid,2025-07-20 01:11:00,420.28
482,482,Google Pay,paid,2025-10-24 09:13:20,524.08
483,483,PayPal,paid,2025-06-27 19:10:35,657.49
484,484,Bank Transfer,paid,2025-12-14 19:57:03,1343.43
485,485,Google Pay,paid,2025-06-04 06:30:02,1445.4
486,486,PayPal,pending,2025-10-16 06:47:54,717.55
487,487,Google Pay,pending,2025-04-01 18:42:08,1750.53
488,488,Credit Card,pending,2025-08-23 14:19:33,313.68
489,489,Bank Transfer,paid,2025-07-10 09:03:32,331.65
490,490,PayPal,failed,2025-01-11 17:38:03,998.94
491,491,Bank Transfer,paid,2025-01-31 01:12:33,1180.32
492,492,Apple Pay,paid,2025-07-31 00:04:22,457.28
493,493,Debit Card,paid,2025-11-28 13:47:52,1272.55
494,494,Bank Transfer,paid,2025-10-06 07:20:25,951.16
495,495,Bank Transfer,pending,2025-08-07 17:05:00,676.77
496,496,Bank Transfer,paid,2025-01-25 04:52:46,1553.47
497,497,Google Pay,paid,2025-06-16 15:05:49,1512.93
498,498,Google Pay,paid,2025-02-14 19:04:59,817.55
499,499,PayPal,paid,2025-09-28 14:58:11,1014.12
500,500,PayPal,paid,2025-05-11 19:48:37,629.96
